Dataset,Accuracy Mean,Accuracy Std,F1 Mean,F1 Std,Runtime Mean,Runtime Std
ACSF1,0.8099999999999999,0.0303315017762061,0.810092,0.0298679958483993,6.59047036,6.790557004045111
Adiac,0.669054,0.0115040855351479,0.633806,0.0183398403482691,4.0825332648,0.5469239362054407
AllGestureWiimoteX,0.469426,0.005392315272682,0.4687019999999999,0.003633078033844,3.5491288946,0.4357279407938806
AllGestureWiimoteY,0.381998,0.0163296851163762,0.376076,0.0167358998562969,3.7112387864,0.3194367138016595
AllGestureWiimoteZ,0.383714,0.007591757635752,0.39081,0.010665782671703,3.2878950542,0.1399459596962143
ArrowHead,0.692572,0.0150746282209545,0.689928,0.0135387095396865,3.6816799994,0.441768334671936
BME,0.6973339999999999,0.0080013338887963,0.691436,0.0054329424808293,3.2743895244,0.3283734491686462
Beef,0.72,0.0618216072259529,0.711966,0.0703094208765795,3.4574545650000004,0.4187792280519264
CBF,0.96889,0.0012159440776614,0.968774,0.0012160855233083,3.6184158002,0.4712748348480138
Car,0.7166680000000001,0.0105398717259746,0.714584,0.0104539420315974,3.2297798216,0.1207138957288517
ChlorineConcentration,0.569272,0.0059384691630082,0.346474,0.0304759141618426,4.324718155199999,0.6352297920093304
CinCECGTorso,0.709568,0.0409984850451818,0.713534,0.0394856199647415,3.8112819904,0.6760756091905681
CricketX,0.550256,0.016974683030914,0.538534,0.016502532654111,4.0188465010000005,0.4469419442320954
CricketY,0.4671799999999999,0.0161660681676157,0.458608,0.0211163191868279,3.9080214056,0.266782310757405
CricketZ,0.535386,0.0076741399518122,0.513638,0.0079968953975902,4.0701176292,0.407446161655245
Crop,0.54994,0.0043133560020012,0.545072,0.0041471310565257,6.829847278599999,0.3776039042423315
DiatomSizeReduction,0.68366,0.0228644772518419,0.535256,0.0175534106087677,3.3566009052,0.261460517794519
DistalPhalanxOutlineAgeGroup,0.7410079999999999,0.0150914060312483,0.747866,0.0202664319503952,4.0162798218,0.5456107350509223
DistalPhalanxTW,0.67194,0.0035272652296077,0.401206,0.0074830304021833,3.7244074916,0.3552738574304848
DodgerLoopDay,0.3175,0.015,0.264014,0.0211466806851571,3.6141472194,0.4075168980230405
ECG5000,0.930754,0.0023247847212161,0.509236,0.0239500351565503,5.429730887,1.3348649535006512
EOGHorizontalSignal,0.302762,0.0131443499649088,0.286582,0.0168471070513604,4.0582177234,0.5038875464945457
EOGVerticalSignal,0.179556,0.0200724962074974,0.156524,0.0188143164637995,4.031177774,0.6901404932405064
ElectricDevices,0.59655,0.0141877637420419,0.5314439999999999,0.0163915802776913,6.1350281252,0.5026606106748508
EthanolLevel,0.3208,0.042456566041073,0.284414,0.0756013387712148,4.5521892532,0.5182944583674649
FaceAll,0.6398820000000001,0.0072435113032285,0.672794,0.0086308136348782,4.4030771918,0.093278230280786
FaceFour,0.5772740000000001,0.0272736668601785,0.506526,0.0389900528853193,7.311893445,8.168527121540375
FacesUCR,0.7281,0.0055662878114592,0.697356,0.0076642901823978,7.716269542800001,6.557072226286692
FiftyWords,0.431206,0.0106229009220645,0.25558,0.0169697884488876,4.631420946,0.4241024087455341
Fish,0.715428,0.0305381076034518,0.701006,0.0297102491406584,3.3731615562000004,0.3853364993845827
Fungi,0.03763,0.0,0.00403,0.0,3.5589903604,0.5462467412147819
GestureMidAirD1,0.376922,0.0270866678644679,0.335404,0.0227137126863927,3.6249609016,0.6299997861759266
GestureMidAirD2,0.28154,0.026911558111711,0.21522,0.032032610258922,3.5733868796,0.5984238446493978
GestureMidAirD3,0.29385,0.0149153826635457,0.2317659999999999,0.0101532706060658,3.5403146296,0.7510479949957998
GesturePebbleZ1,0.673254,0.0166083022612186,0.6842600000000001,0.0150507820394822,3.8449305642,0.5382626454642999
GesturePebbleZ2,0.654432,0.0331528408435838,0.625488,0.0451895861454826,3.5217294304,0.5805087350158596
Haptics,0.3850639999999999,0.0268188221963605,0.3627559999999999,0.0355735129555684,3.6965931096,0.6544809199387378
InlineSkate,0.321092,0.0234733034743727,0.291702,0.0405248019859443,3.867364294,0.4968882413215753
InsectEPGRegularTrain,0.961448,0.0118040914940541,0.953608,0.0144484316103859,3.6729574324,0.8052212278460946
InsectEPGSmallTrain,0.8907619999999999,0.0389713204292592,0.851422,0.0620239809751035,6.778400755,6.918133807346941
InsectWingbeatSound,0.34485,0.0135975821380126,0.330036,0.0157684984700509,3.7222411658,0.683621401505002
LargeKitchenAppliances,0.6703999999999999,0.0438996027316876,0.670016,0.044801813624004,4.1625877256,0.3876432842704868
Lightning7,0.5561659999999999,0.0352979288910836,0.555326,0.0449310380917245,3.2472618590000004,0.4464055961238294
Mallat,0.676164,0.0608131898850898,0.664216,0.0655397505640661,3.3749707356000003,0.2938085703543885
Meat,0.92667,0.0489897948556635,0.926042,0.0496854608109857,3.506629406800001,0.6549819107251088
MedicalImages,0.6649980000000001,0.0113377218170142,0.529658,0.0280561290273622,3.4543333622,0.3395859110486197
MelbournePedestrian,0.860436,0.0028239447586665,0.8612039999999999,0.0028708368118024,5.1347314686,0.5049351881850033
MiddlePhalanxOutlineAgeGroup,0.6402599999999999,0.0066228422901349,0.4947499999999999,0.0212088934176208,3.9066610487999993,0.3139698915549981
MiddlePhalanxTW,0.535064,0.0219638262604674,0.36941,0.0240851447992325,4.1990759008,0.5913183869400863
MixedShapesRegularTrain,0.86936,0.0086320310472101,0.870566,0.0071678186360984,4.522468354799999,0.6627924886289932
MixedShapesSmallTrain,0.813936,0.0026906400725478,0.8182639999999999,0.0022699656385064,3.8597752594,0.6036829441443717
NonInvasiveFetalECGThorax1,0.589618,0.0074489070339211,0.570088,0.0090180073186929,5.559138347,0.6501221456560471
NonInvasiveFetalECGThorax2,0.6708399999999999,0.0074533723910723,0.655562,0.0091736522715873,5.5556860032,0.4690864935119802
OSULeaf,0.887604,0.0060698355826167,0.8810500000000001,0.0085241398393034,3.5260318364,0.2791884501102257
OliveOil,0.7666660000000001,0.0471399807382226,0.7181879999999999,0.0530195984141713,3.554648615,0.6279495445517139
PLAID,0.626814,0.0184191732713496,0.5723379999999999,0.0154688918801574,4.3747481728,0.5190315181212054
Phoneme,0.26635,0.0061323307151522,0.1584279999999999,0.0053145927407469,3.4635169831999995,0.2876902087925755
PickupGestureWiimoteZ,0.5,0.025298221281347,0.4416319999999999,0.0253640236555638,3.4018238548,0.3443653755170893
PigAirwayPressure,0.5394219999999998,0.0484025343964548,0.499976,0.0490395903734931,3.3852779456,0.2967871904303653
PigArtPressure,0.961538,0.0206232765582969,0.960914,0.0214104260583482,3.4244544314,0.4824009592112411
PigCVP,0.5509620000000001,0.013112011897493,0.536488,0.014530679818921,3.74689154,0.6105795222408523
Plane,0.996192,0.0046638284702591,0.995384,0.0056820052798285,3.4069797807999995,0.5414056162169174
ProximalPhalanxOutlineAgeGroup,0.85756,0.0094581330081575,0.7688520000000001,0.0173519294604375,4.2122389386000005,0.4968941409241318
ProximalPhalanxTW,0.8048759999999999,0.0123407886295811,0.529776,0.0392746516725482,4.1056955818,0.426193912327119
RefrigerationDevices,0.55253,0.0179599554565149,0.533868,0.0203527898824706,4.2984136068,0.8105595265638621
Rock,0.7,0.025298221281347,0.6728240000000001,0.0163801216112701,3.5758279262,0.5220223155118419
ScreenType,0.437334,0.0111879302822282,0.4288039999999999,0.0135499750553275,4.1475490398,0.6146366095187221
SemgHandMovementCh2,0.36311,0.020298975343598,0.3541299999999999,0.0201133358744888,4.1209635438,0.5648883335515236
SemgHandSubjectCh2,0.414666,0.0318206207356173,0.38817,0.0461576936165575,4.4522179424,0.5466052967796492
ShakeGestureWiimoteZ,0.6679999999999999,0.0324961536185438,0.648698,0.0399617544159412,3.6426660192,0.4678893248683622
ShapesAll,0.6180019999999999,0.0043978785794971,0.587176,0.0053159292696573,5.3702200946000005,0.6288419877606093
SmallKitchenAppliances,0.7370680000000001,0.0093303234670615,0.737624,0.0097441235624349,4.1392613088,0.5024454144894522
SmoothSubspace,0.821336,0.0195050307356845,0.818484,0.0200696313867495,3.6342420496,0.3547197101531419
StarLightCurves,0.954198,0.0077123003053564,0.938116,0.0094646977764744,5.464899517,0.67199994965689
SwedishLeaf,0.8227200000000001,0.0113768888541639,0.8198340000000002,0.0119024108482273,4.3782838712,0.5515276953233987
Symbols,0.929648,0.0036524479462409,0.929942,0.0036449603564373,3.712967823800001,0.4971580788158535
SyntheticControl,0.8846679999999999,0.0201762458351398,0.88175,0.022245955137957,3.5632374626,0.5194852558864315
TwoPatterns,0.66795,0.0205002439009881,0.6267400000000001,0.0289972584911056,4.7074579994,0.6816324504609835
UMD,0.963888,0.0051976971824068,0.963728,0.0052405244012407,3.4662203094,0.5553662293177184
UWaveGestureLibraryAll,0.609714,0.0101557542309766,0.58888,0.0131435946376932,5.0165351176,0.4674000833434715
UWaveGestureLibraryX,0.64623,0.0044010498747457,0.633672,0.0047898910217248,4.8297866226,0.2452462939461772
UWaveGestureLibraryY,0.5352319999999999,0.0147492825588229,0.523526,0.0161894232139381,5.194926856,0.4945781159351061
UWaveGestureLibraryZ,0.608824,0.0041248350270041,0.593432,0.005340540796586,4.783657646,0.3289441872217199
WordSynonyms,0.357996,0.01379290919277,0.23661,0.0110809421982067,3.334194021800001,0.2533097123403901
Worms,0.6987000000000001,0.022345121167718,0.6267039999999999,0.028085264891042,3.8960405822,0.6000451984843445
