Dataset,Accuracy Mean,Accuracy Std,F1 Mean,F1 Std
ACSF1,0.89,0.0109544511501033,0.887452,0.0109549210859777
Adiac,0.784652,0.0049592797864205,0.760302,0.0050705242332524
AllGestureWiimoteX,0.673714,0.0049159967453203,0.666806,0.0053685402112678
AllGestureWiimoteY,0.66257,0.0086390670792626,0.651518,0.0083579720028246
AllGestureWiimoteZ,0.633714,0.0024889323012087,0.6332799999999998,0.0021915930279137
ArrowHead,0.904,0.0042761805387518,0.90621,0.0042023041298792
BME,0.954666,0.0088454385985094,0.955266,0.0085680630249782
Beef,0.7333339999999999,0.0298157304790608,0.726044,0.0357929102477012
BeetleFly,0.95,0.0,0.94987,0.0
BirdChicken,0.89,0.0374165738677394,0.8896200000000001,0.0374849404427964
CBF,0.993108,0.000444,0.99313,0.0004399999999999
Car,0.9,0.0,0.89452,0.0
Chinatown,0.98542,1.1102230246251563e-16,0.98198,1.1102230246251563e-16
ChlorineConcentration,0.67302,0.0074688071336726,0.627832,0.0126068432210446
CinCECGTorso,0.8094180000000002,0.0017131304678862,0.809918,0.0016121836123717
Coffee,1.0,0.0,1.0,0.0
Computers,0.7840000000000001,0.0113137084989847,0.7834199999999999,0.0115621745359599
CricketX,0.75641,0.006485041248905,0.752586,0.0071523159885452
CricketY,0.739488,0.0061941339991963,0.741962,0.0066372174892796
CricketZ,0.774872,0.0084890032394857,0.756022,0.008640959206014
Crop,0.6817139999999999,0.0006525212640213,0.664588,0.0007840765268773
DiatomSizeReduction,0.94379,0.0024427689207127,0.935666,0.0029800174496133
DistalPhalanxOutlineAgeGroup,0.670504,0.0105717256869443,0.661766,0.0163872469927074
DistalPhalanxOutlineCorrect,0.760146,0.0115493282921561,0.741632,0.0125884763176486
DistalPhalanxTW,0.587052,0.1353275294092078,0.445354,0.0839026542130819
DodgerLoopDay,0.635,0.0215058131676065,0.615572,0.0217519115481835
DodgerLoopGame,0.892752,0.0071010714684475,0.8922139999999998,0.0071264594294783
DodgerLoopWeekend,0.98551,0.0,0.98154,1.1102230246251563e-16
ECG200,0.884,0.0101980390271855,0.8721399999999999,0.0114474695893895
ECG5000,0.938222,0.0019995339456983,0.6119720000000001,0.0065140537302051
ECGFiveDays,0.997678,0.0012743688633986,0.997678,0.0012743688633986
EOGHorizontalSignal,0.563534,0.0125976229503823,0.548308,0.012458175468342
EOGVerticalSignal,0.465746,0.0013521183380163,0.415456,0.0021811153110278
Earthquakes,0.775538,0.0083893680334099,0.561794,0.0196912616152444
ElectricDevices,0.7560119999999999,0.0041410066409026,0.675886,0.0080645981920986
EthanolLevel,0.5512,0.0116344316577991,0.50136,0.0161386666115884
FaceAll,0.788994,0.0011596309757849,0.8339820000000001,0.0070772209234981
FaceFour,0.974998,0.0045439999999999,0.976984,0.003712
FacesUCR,0.9324900000000002,0.0010043107088944,0.919636,0.0022457301707907
FiftyWords,0.799562,0.005276833899224,0.6858739999999999,0.0135555857121704
Fish,0.938286,0.0066668361311794,0.933274,0.0072231201014519
FordA,0.953032,0.0029532788557804,0.95298,0.0029527681927303
FordB,0.8046900000000001,0.0070464487509666,0.80468,0.0070429539257331
FreezerRegularTrain,0.990808,0.000563503327408,0.990808,0.000563503327408
FreezerSmallTrain,0.877194,0.0013506383675877,0.8770579999999999,0.0013361945966063
Fungi,0.03763,0.0,0.00403,0.0
GestureMidAirD1,0.6523100000000001,0.007538304849235,0.640506,0.0068291979031215
GestureMidAirD2,0.63077,0.0048635830413389,0.62442,0.0058327934988305
GestureMidAirD3,0.304614,0.0078422920119057,0.273718,0.0063173329815674
GesturePebbleZ1,0.88953,0.0,0.8812999999999999,1.1102230246251563e-16
GesturePebbleZ2,0.855696,0.0083976939691798,0.854274,0.0081836852334385
GunPoint,0.982668,0.0032676193168727,0.982658,0.0032676193168727
GunPointAgeSpan,0.979748,0.0025315007406675,0.979742,0.002536
GunPointMaleVersusFemale,0.996838,0.0020017232575957,0.99683,0.0020048840365467
GunPointOldVersusYoung,0.98349,0.0031108519733346,0.98343,0.0031271840367973
Ham,0.6780959999999999,0.0174578676819364,0.674216,0.0181133393939384
HandOutlines,0.926486,0.0020247725798222,0.918894,0.002270864152696
Haptics,0.505194,0.0150325202145215,0.483004,0.0161987315552792
Herring,0.6406259999999999,0.0197626542751726,0.626952,0.0177033526768236
HouseTwenty,0.947898,0.0082339599221759,0.946152,0.0086964507702855
InlineSkate,0.40109,0.0080170892473515,0.40189,0.0069064636392295
InsectEPGRegularTrain,0.8016059999999999,0.0082677798712834,0.783006,0.0094318536884326
InsectEPGSmallTrain,0.745382,0.014941286959295,0.7110380000000001,0.0175991174778737
InsectWingbeatSound,0.633534,0.0037883906873499,0.6197079999999999,0.0041825705014978
ItalyPowerDemand,0.96132,0.0017828404303245,0.96132,0.0017828404303245
LargeKitchenAppliances,0.806398,0.0083646240800169,0.804998,0.0087859237419863
Lightning2,0.740982,0.0122694293265823,0.73723,0.0122678001287924
Lightning7,0.7287699999999999,0.00548,0.7245480000000001,0.0051573109272177
Mallat,0.945246,0.0019926725772188,0.945,0.0020171266692996
Meat,0.96667,0.0,0.96658,1.1102230246251563e-16
MedicalImages,0.7207899999999999,0.0066260636881937,0.66483,0.0071041030397932
MelbournePedestrian,0.863224,0.0021319999999999,0.860408,0.0022359821108407
MiddlePhalanxOutlineAgeGroup,0.5155839999999999,0.0401543380470902,0.453216,0.033772906063885
MiddlePhalanxOutlineCorrect,0.8254319999999999,0.0119822692341642,0.819396,0.0122095955706976
MiddlePhalanxTW,0.5077900000000001,0.0103875001805054,0.364218,0.0142565008329533
MixedShapesRegularTrain,0.955382,0.0014161553587089,0.95454,0.0016330707271884
MixedShapesSmallTrain,0.91068,0.0032726380795926,0.907416,0.0034471472263307
MoteStrain,0.93658,0.004699625516996,0.936024,0.0047778137259629
NonInvasiveFetalECGThorax1,0.901376,0.002604423928626,0.893364,0.0028906372999738
NonInvasiveFetalECGThorax2,0.93038,0.0014888519066717,0.924348,0.0018690896179691
OSULeaf,0.792562,0.0172192071826782,0.78771,0.0204745588475062
OliveOil,0.86667,0.0,0.79345,0.0
PLAID,0.907634,0.0075045255679489,0.856096,0.0130893263386623
PhalangesOutlinesCorrect,0.8081579999999999,0.008028375676312,0.784722,0.0089158048430862
Phoneme,0.199472,0.0033924763816421,0.124208,0.0023569929995653
PickupGestureWiimoteZ,0.768,0.0097979589711327,0.749952,0.0096110840179451
PigAirwayPressure,0.182692,0.0219273276073487,0.175384,0.0211932070248936
PigArtPressure,0.717306,0.0130415361058427,0.70304,0.0141697988694264
PigCVP,0.647114,0.0150811121605801,0.644516,0.0137014460550702
Plane,1.0,0.0,1.0,0.0
PowerCons,0.96889,0.0103023434227364,0.968886,0.0103042857103246
ProximalPhalanxOutlineAgeGroup,0.8195139999999999,0.0081610210145544,0.732324,0.0093443471682081
ProximalPhalanxOutlineCorrect,0.87904,0.0079545006128606,0.846096,0.0100280857595056
ProximalPhalanxTW,0.7931719999999999,0.0464417421723173,0.559948,0.0448054627919408
RefrigerationDevices,0.520002,0.0157314123968574,0.5160739999999999,0.0175647073417122
Rock,0.876,0.0293938769133981,0.8697760000000001,0.0274336797385986
ScreenType,0.4256,0.0108770915230129,0.424472,0.0109625241618889
SemgHandGenderCh2,0.869,0.0050095468856973,0.8592639999999999,0.0049347729431048
SemgHandMovementCh2,0.540888,0.0199068102919578,0.540496,0.0203173892023556
SemgHandSubjectCh2,0.8537800000000001,0.0025930599684542,0.8527159999999998,0.0023880083751947
ShakeGestureWiimoteZ,0.86,0.0,0.8393900000000001,1.1102230246251563e-16
ShapeletSim,0.7644439999999999,0.0114415533910391,0.763772,0.0116919551829452
ShapesAll,0.847666,0.0027094914652015,0.836332,0.0032107158080402
SmallKitchenAppliances,0.8111979999999999,0.0139474060670792,0.8109020000000001,0.0143491733559811
SmoothSubspace,0.9399999999999998,0.0059658293639694,0.9401,0.0057532321350698
SonyAIBORobotSurface1,0.794676,0.0116521596281547,0.7941560000000001,0.0118822179747722
SonyAIBORobotSurface2,0.869046,0.0044700228187337,0.864168,0.0045822762902295
StarLightCurves,0.977974,0.0007454555654095,0.96814,0.0010215478451839
Strawberry,0.97081,0.003587985507217,0.968462,0.003943482724699
SwedishLeaf,0.9504,0.0017527121840165,0.950854,0.0017459049229554
Symbols,0.962208,0.0025095290394813,0.9624,0.0025228396698957
SyntheticControl,0.984666,0.00340026234282,0.984638,0.0034035064272012
ToeSegmentation1,0.924562,0.0112352968808127,0.924196,0.011371386195183
ToeSegmentation2,0.884616,0.0128714173267748,0.825446,0.0159152663816852
Trace,1.0,0.0,1.0,0.0
TwoLeadECG,0.989814,0.0011901529313495,0.989814,0.0011901529313495
TwoPatterns,0.99705,0.0005787918451395,0.997038,0.0005738083303682
UMD,0.9875,0.00278,0.987498,0.0027759999999999
UWaveGestureLibraryAll,0.962088,0.0015507082252957,0.961838,0.0016008922512149
UWaveGestureLibraryX,0.8098279999999999,0.0015136366803166,0.7908760000000001,0.0019934151599704
UWaveGestureLibraryY,0.734896,0.0020805826107126,0.725454,0.0023348627368648
UWaveGestureLibraryZ,0.758796,0.0069711795271675,0.7476039999999999,0.0077231330430078
Wafer,0.996008,0.0010182612631343,0.9896,0.0026872513838493
Wine,0.85185,0.0202876435299913,0.84884,0.0215463853116943
WordSynonyms,0.707212,0.0037606669621225,0.5749080000000001,0.0053116829724673
Worms,0.6519480000000001,0.0172271522893367,0.6543800000000001,0.021787881953049
WormsTwoClass,0.745454,0.0132441150704756,0.7392859999999999,0.0138984396246485
Yoga,0.8598000000000001,0.0059214119937731,0.858296,0.0060233897433256
